title,time,writer,votes,answers,views,url,img
Auto-identification of abbreviations,19 hours ago,Alex97,0,0,7,https://stackoverflow.com/questions/78361056/auto-identification-of-abbreviations,https://www.gravatar.com/avatar/9e19efbb1e3b83db738cbdcc41577bca?s=32&d=identicon&r=PG&f=y&so-version=2
Text cleaning before finding TF,22 hours ago,Satarnejad,0,0,14,https://stackoverflow.com/questions/78360596/text-cleaning-before-finding-tf,https://www.gravatar.com/avatar/274ed61d97594c663c0b9b80f78be046?s=32&d=identicon&r=PG&f=y&so-version=2
Preprocessing a large dataset with tf.layers.TextVectorization gives Memory Errors,yesterday,Johnny Cheesecutter,0,1,23,https://stackoverflow.com/questions/78359652/preprocessing-a-large-dataset-with-tf-layers-textvectorization-gives-memory-erro,https://www.gravatar.com/avatar/47ecfa130dc83c40687d5a641cfa8df4?s=32&d=identicon&r=PG&f=y&so-version=2
TypeError in quartznet.transcribe() from neMO,yesterday,Fedor,0,0,5,https://stackoverflow.com/questions/78352129/typeerror-in-quartznet-transcribe-from-nemo,https://www.gravatar.com/avatar/8d601da836449a445b9f15756296061d?s=32&d=identicon&r=PG
"direct translation of parts of sentences, adhering to sentence structure & grammar of original sentence [closed]",yesterday,Chevron0,-2,0,15,https://stackoverflow.com/questions/78358227/direct-translation-of-parts-of-sentences-adhering-to-sentence-structure-gramm,https://www.gravatar.com/avatar/0e5287d7ad4a92155f201874754c54ac?s=32&d=identicon&r=PG&f=y&so-version=2
Unable to install gensim module,2 days ago,Anuja,-1,0,25,https://stackoverflow.com/questions/78356738/unable-to-install-gensim-module,https://www.gravatar.com/avatar/520725eafb7b5001094f1190607c4092?s=32&d=identicon&r=PG&f=y&so-version=2
pls I want to create a sentiment model,2 days ago,techmary,-1,0,14,https://stackoverflow.com/questions/78355527/pls-i-want-to-create-a-sentiment-model,https://www.gravatar.com/avatar/555b1751f7a96be4936cbd73c26fae7a?s=32&d=identicon&r=PG&f=y&so-version=2
How to Determine Optimal Index Pairing for Byte Pair Encoding (BPE) Merges?,2 days ago,gurjyot,0,0,10,https://stackoverflow.com/questions/78355243/how-to-determine-optimal-index-pairing-for-byte-pair-encoding-bpe-merges,https://www.gravatar.com/avatar/9f07ae5b89007a887320a0e433599c1e?s=32&d=identicon&r=PG&f=y&so-version=2
How to Send a Streaming Response via LlamaIndex to a FastAPI Endpoint?,2 days ago,Mubashir Ahmed Siddiqui,2,0,20,https://stackoverflow.com/questions/78354136/how-to-send-a-streaming-response-via-llamaindex-to-a-fastapi-endpoint,https://lh3.googleusercontent.com/a/AATXAJyKG6uuL2hhS4xxCJpsMWCylPdTo3ndIbEN5I8C=k-s32
Training LLM on a people names dataset fails,2 days ago,Alist,-1,0,24,https://stackoverflow.com/questions/78353529/training-llm-on-a-people-names-dataset-fails,https://lh5.googleusercontent.com/-_ytNX1WOsKU/AAAAAAAAAAI/AAAAAAAABx0/AwM9Z8aJW3o/photo.jpg?sz=32
How to read gguf format file and print content in python such as in NLP meta''codellama-7b-instruct.Q4_K_S.gguf'',2 days ago,Abdalluh Ahmed,0,0,9,https://stackoverflow.com/questions/78352909/how-to-read-gguf-format-file-and-print-content-in-python-such-as-in-nlp-metaco,https://lh3.googleusercontent.com/a/ALm5wu0fitx1wqOtG0ANwGJrvqrA9aqOqu_wmrOWoC0ZHg=k-s32
self learning pdf to data converter [closed],2 days ago,Hermaeus Mora,-2,0,16,https://stackoverflow.com/questions/78352394/self-learning-pdf-to-data-converter,https://www.gravatar.com/avatar/08ba136586d7dd97a60fc7bc96f6265f?s=32&d=identicon&r=PG&f=y&so-version=2
What is the easiest way of converting json to vector database,Apr 18 at 22:19,Madhavan,0,1,26,https://stackoverflow.com/questions/78347994/what-is-the-easiest-way-of-converting-json-to-vector-database,https://www.gravatar.com/avatar/ddf5b33b0c5e4f2f6ef7485458f6b928?s=32&d=identicon&r=PG&f=y&so-version=2
ChatGPT Token Limit,Apr 18 at 21:33,Programmer,20,4,28k,https://stackoverflow.com/questions/75586733/chatgpt-token-limit,https://www.gravatar.com/avatar/67e486fcfa21f0766c2a344b5babed3f?s=32&d=identicon&r=PG&f=y&so-version=2
Encoder Decoder Seq2Seq [closed],Apr 18 at 19:58,TylerH,-1,0,11,https://stackoverflow.com/questions/78349704/encoder-decoder-seq2seq,https://i.stack.imgur.com/UIrGI.jpg?s=32&g=1
